Actividad_eco,Nivel_de_informalidad,Salario
AGSCYP,19.12,225.6766994
CM,20.75,319.0449276
CN,10.49,249.0912231
IEYE,0.17,865.6558253
IM,10.83,398.6025769
SEYP,10,365.8346681
SS,2.83,508.549916
TCCYA,4.84,422.3771173